timestamp,session_id,event_type,engagement,music_style,note,details2025-08-18T14:33:12.554959,20250818_143312,session_start,MED,,,"{""session_id"": ""20250818_143312""}"
2025-08-18T14:33:17.239484,20250818_143312,engagement_update,MED,,,"{""session_id"": ""20250818_143312"", ""level"": ""LOW""}"
2025-08-18T14:33:43.239911,20250818_143312,gpt_suggestion,MED,happy,,"{""session_id"": ""20250818_143312"", ""engagement"": ""MED"", ""suggestion"": ""happy"", ""phrase"": ""Let's enjoy some fun music!""}"
2025-08-18T14:33:43.239911,,suggestion_error,MED,happy,,"{""error"": ""'suggestion'""}"
2025-08-18T14:34:23.840247,20250818_143312,gpt_suggestion,MED,happy,,"{""session_id"": ""20250818_143312"", ""engagement"": ""MED"", ""suggestion"": ""happy"", ""phrase"": ""Let's enjoy some fun music together!""}"
2025-08-18T14:34:23.840247,,suggestion_error,MED,happy,,"{""error"": ""'suggestion'""}"
2025-08-18T14:34:58.829145,20250818_143458,session_start,MED,happy,,"{""session_id"": ""20250818_143458""}"
2025-08-18T14:38:47.753221,20250818_143847,session_start,MED,happy,,"{""session_id"": ""20250818_143847""}"
2025-08-18T14:41:21.565443,20250818_143847,gpt_suggestion,MED,happy,,"{""session_id"": ""20250818_143847"", ""engagement"": ""MED"", ""suggestion"": ""happy"", ""phrase"": ""Let's enjoy some fun music together!""}"
2025-08-18T14:41:21.565443,,suggestion_error,MED,happy,,"{""error"": ""'suggestion'""}"
2025-08-18T14:41:48.699980,20250818_144148,session_start,MED,happy,,"{""session_id"": ""20250818_144148""}"
2025-08-18T14:58:23.903022,20250818_145823,session_start,MED,happy,,"{""session_id"": ""20250818_145823""}"
2025-08-18T14:58:26.152749,20250818_145823,gpt_suggestion,MED,happy,,"{""session_id"": ""20250818_145823"", ""engagement"": ""MED"", ""suggestion"": ""happy"", ""phrase"": ""Let's listen to some fun music!""}"
2025-08-18T14:58:26.152749,,suggestion_error,MED,happy,,"{""error"": ""'suggestion'""}"
2025-08-18T14:59:06.154305,20250818_145906,session_start,MED,happy,,"{""session_id"": ""20250818_145906""}"
2025-08-18T14:59:08.966455,20250818_145906,gpt_suggestion,MED,happy,,"{""session_id"": ""20250818_145906"", ""engagement"": ""MED"", ""suggestion"": ""happy"", ""phrase"": ""Let's enjoy some fun music!""}"
2025-08-18T14:59:08.966455,,suggestion_error,MED,happy,,"{""error"": ""'suggestion'""}"
2025-08-18T14:59:10.998564,20250818_145906,engagement_update,MED,happy,,"{""session_id"": ""20250818_145906"", ""level"": ""MED""}"
2025-08-18T15:00:49.918447,20250818_145906,engagement_update,MED,happy,,"{""session_id"": ""20250818_145906"", ""level"": ""LOW""}"
2025-08-18T15:00:51.444780,20250818_145906,engagement_update,MED,happy,,"{""session_id"": ""20250818_145906"", ""level"": ""HIGH""}"
2025-08-18T15:00:52.136828,20250818_145906,gpt_suggestion,MED,happy,,"{""session_id"": ""20250818_145906"", ""engagement"": ""MED"", ""suggestion"": ""happy"", ""phrase"": ""Let's enjoy some happy music!""}"
2025-08-18T15:00:52.136828,,suggestion_error,MED,happy,,"{""error"": ""'suggestion'""}"
2025-08-18T15:00:53.852771,20250818_145906,session_end,MED,happy,,"{""session_id"": ""20250818_145906"", ""total_suggestions"": 2}"
2025-08-18T15:00:55.270659,20250818_150055,session_start,MED,happy,,"{""session_id"": ""20250818_150055""}"
2025-08-18T15:00:59.601569,20250818_150055,engagement_update,MED,happy,,"{""session_id"": ""20250818_150055"", ""level"": ""MED""}"
2025-08-18T15:01:18.418427,20250818_150055,gpt_suggestion,MED,happy,,"{""session_id"": ""20250818_150055"", ""engagement"": ""MED"", ""suggestion"": ""happy"", ""phrase"": ""Let's enjoy some fun music together!""}"
2025-08-18T15:01:18.419505,,suggestion_error,MED,happy,,"{""error"": ""'suggestion'""}"
2025-08-18T15:01:36.678240,20250818_150055,gpt_suggestion,MED,happy,,"{""session_id"": ""20250818_150055"", ""engagement"": ""MED"", ""suggestion"": ""happy"", ""phrase"": ""Let's enjoy some happy music!""}"
2025-08-18T15:01:36.679174,,suggestion_error,MED,happy,,"{""error"": ""'suggestion'""}"
2025-08-18T15:01:56.903652,20250818_150055,engagement_update,MED,happy,,"{""session_id"": ""20250818_150055"", ""level"": ""LOW""}"
2025-08-18T15:01:59.053267,20250818_150055,gpt_suggestion,MED,happy,,"{""session_id"": ""20250818_150055"", ""engagement"": ""MED"", ""suggestion"": ""happy"", ""phrase"": ""Let\u2019s enjoy some happy music together!""}"
2025-08-18T15:01:59.053267,,suggestion_error,MED,happy,,"{""error"": ""'suggestion'""}"
2025-08-18T15:02:13.233354,20250818_150055,gpt_suggestion,MED,happy,,"{""session_id"": ""20250818_150055"", ""engagement"": ""MED"", ""suggestion"": ""happy"", ""phrase"": ""Let's listen to fun music together!""}"
2025-08-18T15:02:13.233354,,suggestion_error,MED,happy,,"{""error"": ""'suggestion'""}"
2025-08-18T15:18:01.721197,20250818_150055,session_end,MED,happy,,"{""session_id"": ""20250818_150055"", ""total_suggestions"": 4}"
2025-08-18T15:18:05.325424,20250818_151805,session_start,MED,happy,,"{""session_id"": ""20250818_151805""}"
2025-08-18T15:18:13.237991,20250818_151805,engagement_update,MED,happy,,"{""session_id"": ""20250818_151805"", ""level"": ""MED""}"
2025-08-18T15:18:56.527546,20250818_151805,engagement_update,MED,happy,,"{""session_id"": ""20250818_151805"", ""level"": ""HIGH""}"
2025-08-18T15:18:58.573045,20250818_151805,engagement_update,MED,happy,,"{""session_id"": ""20250818_151805"", ""level"": ""LOW""}"
2025-08-18T15:22:23.877449,20250818_152223,session_start,MED,happy,,"{""session_id"": ""20250818_152223""}"
2025-08-18T15:22:26.030688,20250818_152223,gpt_suggestion,MED,happy,,"{""session_id"": ""20250818_152223"", ""engagement"": ""MED"", ""suggestion"": ""happy"", ""phrase"": ""Let's enjoy some fun music together!""}"
2025-08-18T15:22:26.030688,,suggestion_error,MED,happy,,"{""error"": ""'suggestion'""}"
2025-08-18T15:22:28.077229,20250818_152223,engagement_update,MED,happy,,"{""session_id"": ""20250818_152223"", ""level"": ""MED""}"
2025-08-18T15:22:34.675238,20250818_152223,gpt_suggestion,MED,happy,,"{""session_id"": ""20250818_152223"", ""engagement"": ""MED"", ""suggestion"": ""happy"", ""phrase"": ""Let's enjoy some fun music together!""}"
2025-08-18T15:22:34.675238,,suggestion_error,MED,happy,,"{""error"": ""'suggestion'""}"
2025-08-18T15:30:57.687065,20250818_153057,session_start,MED,,,"{""session_id"": ""20250818_153057""}"
2025-08-18T15:30:59.784011,20250818_153057,gpt_suggestion,MED,happy,,"{""session_id"": ""20250818_153057"", ""engagement"": ""MED"", ""suggestion"": ""happy"", ""phrase"": ""Let's enjoy some fun music!""}"
2025-08-18T15:30:59.784011,,suggestion_error,MED,happy,,"{""error"": ""'suggestion'""}"
2025-08-18T15:35:41.210048,20250818_153541,session_start,MED,happy,,"{""session_id"": ""20250818_153541""}"
2025-08-18T15:35:44.173392,20250818_153541,gpt_suggestion,MED,happy,,"{""session_id"": ""20250818_153541"", ""engagement"": ""MED"", ""suggestion"": ""happy"", ""phrase"": ""Let's enjoy some happy music now!""}"
2025-08-18T15:35:44.173392,,suggestion_error,MED,happy,,"{""error"": ""'suggestion'""}"
2025-08-18T15:36:00.037460,20250818_153541,engagement_update,MED,happy,,"{""session_id"": ""20250818_153541"", ""level"": ""LOW""}"
2025-08-18T15:36:02.320133,20250818_153541,gpt_suggestion,MED,happy,,"{""session_id"": ""20250818_153541"", ""engagement"": ""MED"", ""suggestion"": ""happy"", ""phrase"": ""Let's enjoy some happy music!""}"
2025-08-18T15:36:02.320133,,suggestion_error,MED,happy,,"{""error"": ""'suggestion'""}"
2025-08-18T15:36:15.351739,20250818_153541,gpt_suggestion,MED,happy,,"{""session_id"": ""20250818_153541"", ""engagement"": ""MED"", ""suggestion"": ""happy"", ""phrase"": ""Let's enjoy some cheerful music!""}"
2025-08-18T15:36:15.351739,,suggestion_error,MED,happy,,"{""error"": ""'suggestion'""}"
